URL,Title,Visit Time,Visit Count,Visited From,Web Browser,User Profile,Browser Profile
http://c.betrad.com/ba.html?78f7264,,12/8/2014 7:54:51 PM,1,,Internet Explorer 10,Student,
https://www.openssl.org/source/,"OpenSSL: Source, Tarballs",12/8/2014 8:09:41 PM,1,https://www.openssl.org/,Firefox,Student,6g3svqjn.default
https://www.openssl.org/,OpenSSL: The Open Source toolkit for SSL/TLS,12/8/2014 8:09:37 PM,1,,Firefox,Student,6g3svqjn.default
http://www.bing.com/fd/fb/r?v=9_00_0_3534802&sId=6,,12/8/2014 8:06:35 PM,1,,Internet Explorer 10,Student,
https://www.google.com/search?q=openssl&ie=utf-8&oe=utf-8&aq=t&rls=org.mozilla:en-US:official&client=firefox-a&channel=fflb,openssl - Google Search,12/8/2014 8:09:33 PM,1,,Firefox,Student,6g3svqjn.default
http://www.facebook.com/plugins/like.php?action=recommend&app_id=80401312489&channel=http%3A%2F%2Fstatic.ak.facebook.com%2Fconnect%2Fxd_arbiter%2F7r8gQb8MIqE.js%3Fversion%3D41%23cb%3Df2f3918d9412952%26domain%3Dwww.cnn.com%26origin%3Dhttp%253A%252F%252Fwww.cnn.com%252Ff2f5806cf9d0c8e%26relation%3Dparent.parent&href=http%3A%2F%2Fwww.cnn.com%2F2014%2F11%2F20%2Fworld%2Fgallery%2F2014-cnn-heroes-show%2Findex.html&layout=button_count&locale=en_US&sdk=joey&send=false&show_faces=false&width=150,,12/8/2014 7:55:02 PM,1,,Internet Explorer 10,Student,
http://www.facebook.com/plugins/like.php?action=recommend&app_id=80401312489&channel=http%3A%2F%2Fstatic.ak.facebook.com%2Fconnect%2Fxd_arbiter%2F7r8gQb8MIqE.js%3Fversion%3D41%23cb%3Df19fbd31477f48%26domain%3Dwww.cnn.com%26origin%3Dhttp%253A%252F%252Fwww.cnn.com%252Ff16c665cd99455a%26relation%3Dparent.parent&href=http%3A%2F%2Fwww.cnn.com%2F2014%2F12%2F05%2Fliving%2Fgallery%2F2014-selfies-of-the-year%2Findex.html&layout=button_count&locale=en_US&sdk=joey&send=false&show_faces=false&width=150,,12/8/2014 7:54:55 PM,1,,Internet Explorer 10,Student,
http://ad.doubleclick.net/adi/N3148.468584.AMNETGROUPINC./B7978669.111562867;sz=300x250;click=http://pixel.mathtag.com/click/img?mt_aid=124068087196093779&mt_id=1034482&mt_adid=118492&mt_sid=510785&mt_exid=9&mt_uuid=ae8e5486-4853-488b-b109-a0fc222b19b4&mt_3pck=http%3A//beacon-us-east.rubiconproject.com/beacon/t/cc073d54-a3b9-486f-a5fa-4cfbaa42597a/&redirect=;ord=124068087196093779?,,12/8/2014 7:54:46 PM,1,,Internet Explorer 10,Student,
https://www.nsa.gov/public_info/speeches_testimonies/10oct14.shtml,10 Oct 2014 - Admiral Rogers Statement for NSA.gov Regarding National Cyber Security Awareness Month - Speeches & Testimonies - NSA/CSS,12/8/2014 8:09:21 PM,1,https://www.nsa.gov/public_info/speeches_testimonies/index.shtml,Firefox,Student,6g3svqjn.default
https://www.facebook.com/connect/ping?client_id=80401312489&domain=www.cnn.com&origin=1&redirect_uri=http%3A%2F%2Fstatic.ak.facebook.com%2Fconnect%2Fxd_arbiter%2F7r8gQb8MIqE.js%3Fversion%3D41%23cb%3Df7b2129d69e035%26domain%3Dwww.cnn.com%26origin%3Dhttp%253A%252F%252Fwww.cnn.com%252Ff239a32d8b5941%26relation%3Dparent&response_type=token%2Csigned_request%2Ccode&sdk=joey,,12/8/2014 7:54:47 PM,1,,Internet Explorer 10,Student,
https://www.facebook.com/connect/ping?client_id=80401312489&domain=www.cnn.com&origin=1&redirect_uri=http%3A%2F%2Fstatic.ak.facebook.com%2Fconnect%2Fxd_arbiter%2F7r8gQb8MIqE.js%3Fversion%3D41%23cb%3Dfc29d499cea5a3%26domain%3Dwww.cnn.com%26origin%3Dhttp%253A%252F%252Fwww.cnn.com%252Ff16c665cd99455a%26relation%3Dparent&response_type=token%2Csigned_request%2Ccode&sdk=joey,,12/8/2014 7:54:55 PM,1,,Internet Explorer 10,Student,
https://www.facebook.com/connect/ping?client_id=80401312489&domain=www.cnn.com&origin=1&redirect_uri=http%3A%2F%2Fstatic.ak.facebook.com%2Fconnect%2Fxd_arbiter%2F7r8gQb8MIqE.js%3Fversion%3D41%23cb%3Df3b920d6dee7284%26domain%3Dwww.cnn.com%26origin%3Dhttp%253A%252F%252Fwww.cnn.com%252Ff16c665cd99455a%26relation%3Dparent&response_type=token%2Csigned_request%2Ccode&sdk=joey,,12/8/2014 7:54:55 PM,1,,Internet Explorer 10,Student,
https://www.facebook.com/connect/ping?client_id=80401312489&domain=www.cnn.com&origin=1&redirect_uri=http%3A%2F%2Fstatic.ak.facebook.com%2Fconnect%2Fxd_arbiter%2F7r8gQb8MIqE.js%3Fversion%3D41%23cb%3Df1670682efc202c%26domain%3Dwww.cnn.com%26origin%3Dhttp%253A%252F%252Fwww.cnn.com%252Ff8d4e5ad6f6f%26relation%3Dparent&response_type=token%2Csigned_request%2Ccode&sdk=joey,,12/8/2014 7:54:51 PM,1,,Internet Explorer 10,Student,
https://www.facebook.com/dialog/oauth?response_type=extended_info%2ctoken%2csigned_request&display=none&client_id=111239619098&redirect_uri=http%3A%2F%2Fwww.bing.com%2Ffd%2Ffb%2Fu%3Fv%3D9_00_0_3534802%26sId%3D6%23,,12/8/2014 8:06:35 PM,1,,Internet Explorer 10,Student,
https://www.facebook.com/connect/ping?client_id=80401312489&domain=www.cnn.com&origin=1&redirect_uri=http%3A%2F%2Fstatic.ak.facebook.com%2Fconnect%2Fxd_arbiter%2F7r8gQb8MIqE.js%3Fversion%3D41%23cb%3Df2c93b910188ae2%26domain%3Dwww.cnn.com%26origin%3Dhttp%253A%252F%252Fwww.cnn.com%252Ff2f5806cf9d0c8e%26relation%3Dparent&response_type=token%2Csigned_request%2Ccode&sdk=joey,,12/8/2014 7:55:02 PM,1,,Internet Explorer 10,Student,
https://www.facebook.com/connect/ping?client_id=80401312489&domain=www.cnn.com&origin=1&redirect_uri=http%3A%2F%2Fstatic.ak.facebook.com%2Fconnect%2Fxd_arbiter%2F7r8gQb8MIqE.js%3Fversion%3D41%23cb%3Df398d417147e39a%26domain%3Dwww.cnn.com%26origin%3Dhttp%253A%252F%252Fwww.cnn.com%252Ff239a32d8b5941%26relation%3Dparent&response_type=token%2Csigned_request%2Ccode&sdk=joey,,12/8/2014 7:54:47 PM,1,,Internet Explorer 10,Student,
https://www.facebook.com/connect/ping?client_id=80401312489&domain=www.cnn.com&origin=1&redirect_uri=http%3A%2F%2Fstatic.ak.facebook.com%2Fconnect%2Fxd_arbiter%2F7r8gQb8MIqE.js%3Fversion%3D41%23cb%3Df3b4c38e90bb848%26domain%3Dwww.cnn.com%26origin%3Dhttp%253A%252F%252Fwww.cnn.com%252Ff2f5806cf9d0c8e%26relation%3Dparent&response_type=token%2Csigned_request%2Ccode&sdk=joey,,12/8/2014 7:55:02 PM,1,,Internet Explorer 10,Student,
https://www.facebook.com/connect/ping?client_id=80401312489&domain=www.cnn.com&origin=1&redirect_uri=http%3A%2F%2Fstatic.ak.facebook.com%2Fconnect%2Fxd_arbiter%2F7r8gQb8MIqE.js%3Fversion%3D41%23cb%3Df2aa4ce4202d52%26domain%3Dwww.cnn.com%26origin%3Dhttp%253A%252F%252Fwww.cnn.com%252Ff2f5806cf9d0c8e%26relation%3Dparent&response_type=token%2Csigned_request%2Ccode&sdk=joey,,12/8/2014 7:55:02 PM,1,,Internet Explorer 10,Student,
https://www.facebook.com/connect/ping?client_id=80401312489&domain=www.cnn.com&origin=1&redirect_uri=http%3A%2F%2Fstatic.ak.facebook.com%2Fconnect%2Fxd_arbiter%2F7r8gQb8MIqE.js%3Fversion%3D41%23cb%3Df39abf3a14d9f54%26domain%3Dwww.cnn.com%26origin%3Dhttp%253A%252F%252Fwww.cnn.com%252Ff15803967d0c475%26relation%3Dparent&response_type=token%2Csigned_request%2Ccode&sdk=joey,,12/8/2014 7:54:35 PM,1,,Internet Explorer 10,Student,
https://www.facebook.com/connect/ping?client_id=80401312489&domain=www.cnn.com&origin=1&redirect_uri=http%3A%2F%2Fstatic.ak.facebook.com%2Fconnect%2Fxd_arbiter%2F7r8gQb8MIqE.js%3Fversion%3D41%23cb%3Df301be6360dbcc4%26domain%3Dwww.cnn.com%26origin%3Dhttp%253A%252F%252Fwww.cnn.com%252Ff8d4e5ad6f6f%26relation%3Dparent&response_type=token%2Csigned_request%2Ccode&sdk=joey,,12/8/2014 7:54:51 PM,1,,Internet Explorer 10,Student,
https://www.facebook.com/connect/ping?client_id=80401312489&domain=www.cnn.com&origin=1&redirect_uri=http%3A%2F%2Fstatic.ak.facebook.com%2Fconnect%2Fxd_arbiter%2F7r8gQb8MIqE.js%3Fversion%3D41%23cb%3Df8558e05867cc%26domain%3Dwww.cnn.com%26origin%3Dhttp%253A%252F%252Fwww.cnn.com%252Ff16c665cd99455a%26relation%3Dparent&response_type=token%2Csigned_request%2Ccode&sdk=joey,,12/8/2014 7:54:55 PM,1,,Internet Explorer 10,Student,
https://www.facebook.com/connect/ping?client_id=80401312489&domain=www.cnn.com&origin=1&redirect_uri=http%3A%2F%2Fstatic.ak.facebook.com%2Fconnect%2Fxd_arbiter%2F7r8gQb8MIqE.js%3Fversion%3D41%23cb%3Dfeeeb1cf763785%26domain%3Dwww.cnn.com%26origin%3Dhttp%253A%252F%252Fwww.cnn.com%252Ff15803967d0c475%26relation%3Dparent&response_type=token%2Csigned_request%2Ccode&sdk=joey,,12/8/2014 7:54:35 PM,1,,Internet Explorer 10,Student,
https://www.facebook.com/connect/ping?client_id=80401312489&domain=www.cnn.com&origin=1&redirect_uri=http%3A%2F%2Fstatic.ak.facebook.com%2Fconnect%2Fxd_arbiter%2F7r8gQb8MIqE.js%3Fversion%3D41%23cb%3Df308c9adab5b34c%26domain%3Dwww.cnn.com%26origin%3Dhttp%253A%252F%252Fwww.cnn.com%252Ff8d4e5ad6f6f%26relation%3Dparent&response_type=token%2Csigned_request%2Ccode&sdk=joey,,12/8/2014 7:54:51 PM,1,,Internet Explorer 10,Student,
https://www.nsa.gov/public_info/speeches_testimonies/index.shtml,"Statements, Speeches, and Testimonies - NSA/CSS",12/8/2014 8:09:19 PM,1,https://www.nsa.gov/public_info/press_room/2013/30_August_2013.shtml,Firefox,Student,6g3svqjn.default
http://google.com/,,12/8/2014 7:48:21 PM,1,,Internet Explorer 10,Student,
https://www.nsa.gov/public_info/press_room/2013/30_August_2013.shtml,2013 Press Release - Press Statement on 30 August 2013,12/8/2014 8:09:17 PM,1,https://www.nsa.gov/,Firefox,Student,6g3svqjn.default
http://svcs.cnn.com/weather/getForecast?time=24&mode=json_html&zipCode=30303&locCode=&celcius=false&csiID=csi2,,12/8/2014 7:54:43 PM,1,,Internet Explorer 10,Student,
https://www.nsa.gov/,Welcome to the National Security Agency - NSA/CSS,12/8/2014 8:09:15 PM,1,,Firefox,Student,6g3svqjn.default
https://www.google.com/?gws_rd=ssl#q=nsa,nsa - Google Search,12/8/2014 8:09:12 PM,1,,Firefox,Student,6g3svqjn.default
https://ad.doubleclick.net/adi/N4917.284566.THETRADEDESK/B8337419.112624358;sz=728x90;click0=http://insight.adsrvr.org/track/clk?imp=a2351ef8-5ae2-4ebc-a702-fe5bb1539939&ag=jg38tzl&crid=9lufrpx6&fq=1&td_s=www.cnn.com&rcats=y29&mcat=&mste=cnn.com&mfld=3&mssi=ukknadmy&mfsi=fy4fv1r&sv=google&uhow=43&agsa=0x449EB5C1&rgco=United%20States&rgre=New%20York&rgme=538&rgci=Rochester&dt=PC&osf=Windows&os=Windows7&br=InternetExplorer11&svpid=3353&rlangs=en&mlang=&did=&dur=&crrelr=&r=http://adclick.g.doubleclick.net/aclk%3Fsa%3Dl%26ai%3DCsohrXEiGVIjTB8jJfMGagIgO5v6_sgT2_o-OV8CNtwEQASAAYMmmsYvApOwQggEXY2EtcHViLTc0MzkyODEzMTEwODYxNDCgAdqG8-gDyAEJ4AIAqAMBmAQAqgTQAU_QUm2d98EOOAoXjOGpI1FCDIZ4VdpV8DVsoJJVYJ1U4n0YDEe4h-oFBQ6VhwhDXzu5oSgWTztVdAw9F32xHJNR2SslhFI1bwDdZS4GKwYsc-Q_LB1-PO3eNx3DFbg0I2Uyi2O2Tlw8qraGWBSDbVPuPhr7yQ7_UgQEavw7Cc7l57kltoUXdjlbCnpy613VYZfSgB7G2FaqkiyABq989tq8l1ZWKQgv3yNfUjcFlNjnxNHWU6MvpCGqUmaim51-eRDdJlG0N1S9Q3oT7tJKJ5zgBAGABtPtnZStoIf_vgGgBiE%26num%3D1%26sig%3DAOD64_0jKTuWv3qcHsEpGbqk_ZeFv-UF7Q%26client%3Dca-pub-7439281311086140%26adurl%3D;ord=125965?,,12/8/2014 7:54:54 PM,1,,Internet Explorer 10,Student,
https://ad.doubleclick.net/adi/N4917.284566.THETRADEDESK/B8337419.112624358;sz=728x90;click0=http://insight.adsrvr.org/track/clk?imp=621693db-249c-49d1-9e31-7a38ad04ba45&ag=jg38tzl&crid=9lufrpx6&fq=0&td_s=www.cnn.com&rcats=y29&mcat=&mste=cnn.com&mfld=3&mssi=ukknadmy&mfsi=fy4fv1r&sv=google&uhow=43&agsa=0x449EB5C1&rgco=United%20States&rgre=New%20York&rgme=538&rgci=Rochester&dt=PC&osf=Windows&os=Windows7&br=InternetExplorer11&svpid=3353&rlangs=en&mlang=&did=&dur=&crrelr=&r=http://adclick.g.doubleclick.net/aclk%3Fsa%3Dl%26ai%3DCC9pTT0iGVI2jAc3d0AGRxICoC-b-v7IE9v6PjlfAjbcBEAEgAGDJprGLwKTsEIIBF2NhLXB1Yi03NDM5MjgxMzExMDg2MTQwoAHahvPoA8gBCeACAKgDAZgEAKoE0AFP0HUht9ZWyfOjQMe9P8K61Xk8Qb3OjiL171x__nhNjRiggPLHC019kjsG6Cf5h37xSbzpqVZQBUZakp8Na9AK2_RWiFQ38QCwTQ_SMz_s2h7n3YJNJ3BQrtqvh4BHG2RbsQP-nnWqSMQ51uWdBXGJhdnz7zQk0oUh5vgZTg_OH7YhaFET36o_u3y9iGW1T5RFHdoXfbMVlJHZOgoPIqKGkdAnf3SR9agmMV7AcyvfxuwniLEg_dvLzjSGx3-x0cYEh8kfYzkuEkUwcOnA3ZvB4AQBgAbT7Z2UraCH_74BoAYh%26num%3D1%26sig%3DAOD64_2_Ff_kreLKPdKLY__H9ArBw-4ebw%26client%3Dca-pub-7439281311086140%26adurl%3D;ord=596205?,,12/8/2014 7:54:41 PM,1,,Internet Explorer 10,Student,
https://login.live.com/login.srf?wa=wsignin1.0&rpsnv=11&ct=1418087190&rver=6.0.5286.0&wp=MBI&wreply=https:%2F%2fssl.bing.com%2Fsecure%2FPassport.aspx%3Fpopup%3D1&lc=1033&id=264960&checkda=1,,12/8/2014 8:06:35 PM,1,,Internet Explorer 10,Student,
https://login.live.com/login.srf?wa=wsignin1.0&rpsnv=11&ct=1418087208&rver=6.0.5286.0&wp=MBI&wreply=https:%2F%2fssl.bing.com%2Fsecure%2FPassport.aspx%3Fpopup%3D1&lc=1033&id=264960&checkda=1,,12/8/2014 8:06:53 PM,1,,Internet Explorer 10,Student,
http://www.dell.com/learn/us/en/6099/campaigns/segmentor-usmpp?c=us&l=en&s=eep&cs=6099&redirect=1,Dell Member Purchase & Employee Discount Program (MPP) | Dell,12/8/2014 8:08:30 PM,1,http://www.dell.com/content/segmenter.aspx?c=us&l=en&s=eep&cs=6099,Firefox,Student,6g3svqjn.default
http://www.dell.com/content/segmenter.aspx?c=us&l=en&s=eep&cs=6099,,12/8/2014 8:08:29 PM,1,http://www.dell.com/content/topics/segtopic.aspx/dpa_payment_options?c=us&cs=6099&l=en&s=eep,Firefox,Student,6g3svqjn.default
http://www.dell.com/content/topics/segtopic.aspx/dpa_payment_options?c=us&cs=6099&l=en&s=eep,,12/8/2014 8:08:29 PM,1,"http://www.dell.com/content/public/xdbredirect.aspx?link=topics/segtopic,dpa_payment_options",Firefox,Student,6g3svqjn.default
"http://www.dell.com/content/public/xdbredirect.aspx?link=topics/segtopic,dpa_payment_options",,12/8/2014 8:08:28 PM,1,http://www.dell.com/learn/us/en/6099/campaigns/system-mechanic-us?ref=lb1,Firefox,Student,6g3svqjn.default
http://cdn.tacoda.at.atwola.com/an/qseg.html,,12/8/2014 7:54:46 PM,1,,Internet Explorer 10,Student,
http://www.dell.com/learn/us/en/6099/campaigns/system-mechanic-us?ref=lb1,System Mechanic | Dell,12/8/2014 8:08:25 PM,1,http://www.dell.com/,Firefox,Student,6g3svqjn.default
http://ads.cnn.com/html.ng/site=cnn&cnn_pagetype=main&cnn_position=728x90_bot&cnn_rollup=homepage&params.styles=fs&page.allowcompete=no&Params.User.UserID=5486484304ce9b0a3c73c53c47049dba&transactionID=14180864983791275396419206&tile=5377946808141&domId=f72763bd1282af92&kxid=o3swu6eu4&kxseg=,,12/8/2014 7:54:58 PM,1,,Internet Explorer 10,Student,
http://ads.cnn.com/html.ng/site=cnn&cnn_pagetype=main&cnn_position=1x1_mid&cnn_rollup=homepage&cnn_section=interzone&page.allowcompete=no&params.styles=fs&Params.User.UserID=5486484304ce9b0a3c73c53c47049dba&transactionID=14180864983791275396419206&tile=5377946808141&domId=691428c40a9e49e6&kxid=o3swu6eu4&kxseg=,,12/8/2014 7:54:57 PM,1,,Internet Explorer 10,Student,
http://ads.cnn.com/html.ng/site=cnn&cnn_pagetype=main&cnn_position=336x280_rgt&cnn_rollup=world&page.allowcompete=no&params.styles=fs&Params.User.UserID=5486484304ce9b0a3c73c53c47049dba&transactionID=14180864842744332253330624&tile=9063846808141&domId=7c6f9c4734888d82&kxid=o3swu6eu4&kxseg=,,12/8/2014 7:54:43 PM,1,,Internet Explorer 10,Student,
http://ads.cnn.com/html.ng/site=cnn&cnn_pagetype=main&cnn_position=970x66_top&cnn_rollup=world&page.allowcompete=no&params.styles=fs&Params.User.UserID=5486484304ce9b0a3c73c53c47049dba&transactionID=14180864842744332253330624&tile=9063846808141&domId=d97c4153a894874c&kxid=o3swu6eu4&kxseg=,,12/8/2014 7:54:43 PM,1,,Internet Explorer 10,Student,
http://ads.cnn.com/html.ng/site=cnn&cnn_pagetype=main&cnn_position=300x100_bot3&cnn_rollup=world&page.allowcompete=no&params.styles=fs&Params.User.UserID=5486484304ce9b0a3c73c53c47049dba&transactionID=14180864842744332253330624&tile=9063846808145&domId=ab0a19c24ee30e45&kxid=o3swu6eu4&kxseg=,,12/8/2014 7:54:43 PM,1,,Internet Explorer 10,Student,
http://ads.cnn.com/html.ng/site=cnn&cnn_pagetype=main&cnn_position=970x66_top&cnn_rollup=homepage&page.allowcompete=yes&params.styles=fs&Params.User.UserID=5486484304ce9b0a3c73c53c47049dba&transactionID=14180864983791275396419206&tile=5377946808145&domId=48df790ef051ce72&kxid=o3swu6eu4&kxseg=,,12/8/2014 7:54:57 PM,1,,Internet Explorer 10,Student,
http://ads.cnn.com/html.ng/site=cnn&cnn_pagetype=main&cnn_position=230_adlinks&cnn_rollup=us&params.styles=fs&page.allowcompete=no&Params.User.UserID=5486484304ce9b0a3c73c53c47049dba&transactionID=14180864842744332253330624&tile=9063846808141&domId=3869be6c5a6edd9a&kxid=o3swu6eu4&kxseg=,,12/8/2014 7:54:43 PM,1,,Internet Explorer 10,Student,
http://ads.cnn.com/html.ng/site=cnn&cnn_pagetype=interactive&cnn_position=728x90_top&cnn_rollup=world&page.allowcompete=no&params.styles=fs&Params.User.UserID=5486484304ce9b0a3c73c53c47049dba&transactionID=761745314176192&tile=8327846808141&domId=container,,12/8/2014 7:54:47 PM,1,,Internet Explorer 10,Student,
http://ads.cnn.com/html.ng/site=cnn&cnn_pagetype=main&cnn_position=300x50_spon1&cnn_rollup=homepage&page.allowcompete=no&params.styles=fs&Params.User.UserID=5486484304ce9b0a3c73c53c47049dba&transactionID=14180864692752242334067842&tile=8149646808141&domId=3ba9728dd75a6f0e&kxid=&kxseg=,,12/8/2014 7:54:30 PM,1,,Internet Explorer 10,Student,
http://ads.cnn.com/html.ng/site=cnn&cnn_pagetype=bst&cnn_position=728x90_top&cnn_rollup=us&cnn_section=heroes&page.allowcompete=no&params.styles=fs&Params.User.UserID=5486484304ce9b0a3c73c53c47049dba&transactionID=14180865022679833655109780&tile=1871056808141&domId=9d46ea1f3b3d43f7&kxid=o3swu6eu4&kxseg=,,12/8/2014 7:55:01 PM,1,,Internet Explorer 10,Student,
http://ads.cnn.com/html.ng/site=cnn&cnn_pagetype=main&cnn_position=970x66_top&cnn_rollup=homepage&page.allowcompete=yes&params.styles=fs&Params.User.UserID=5486484304ce9b0a3c73c53c47049dba&transactionID=14180864692752242334067842&tile=8149646808145&domId=48df790ef051ce72&kxid=&kxseg=,,12/8/2014 7:54:30 PM,1,,Internet Explorer 10,Student,
http://ads.cnn.com/html.ng/site=cnn&cnn_pagetype=main&cnn_position=300x250_rgt&cnn_rollup=homepage&page.allowcompete=no&params.styles=fs&Params.User.UserID=5486484304ce9b0a3c73c53c47049dba&transactionID=14180864692752242334067842&tile=8149646808145&domId=9c86913b431b114f&kxid=&kxseg=,,12/8/2014 7:54:30 PM,1,,Internet Explorer 10,Student,
http://ads.cnn.com/html.ng/site=cnn&cnn_pagetype=main&cnn_position=1x1_bot&cnn_rollup=homepage&page.allowcompete=no&params.styles=fs&Params.User.UserID=5486484304ce9b0a3c73c53c47049dba&transactionID=14180864983791275396419206&tile=5377946808141&domId=6310e5bc3ba9cc0f&kxid=o3swu6eu4&kxseg=,,12/8/2014 7:54:58 PM,1,,Internet Explorer 10,Student,
http://ads.cnn.com/html.ng/site=cnn&cnn_pagetype=main&cnn_position=300x100_bot1&cnn_rollup=world&page.allowcompete=no&params.styles=fs&Params.User.UserID=5486484304ce9b0a3c73c53c47049dba&transactionID=14180864842744332253330624&tile=9063846808145&domId=b6cf031cab9223e0&kxid=o3swu6eu4&kxseg=,,12/8/2014 7:54:43 PM,1,,Internet Explorer 10,Student,
http://ads.cnn.com/html.ng/site=cnn&cnn_pagetype=main&cnn_position=126x31_spon5&cnn_rollup=world&page.allowcompete=no&params.styles=fs&Params.User.UserID=5486484304ce9b0a3c73c53c47049dba&transactionID=14180864842744332253330624&tile=9063846808141&domId=a66a7fe12a42b808&kxid=o3swu6eu4&kxseg=,,12/8/2014 7:54:43 PM,1,,Internet Explorer 10,Student,
http://ads.cnn.com/html.ng/site=cnn&cnn_pagetype=main&cnn_position=300x100_spon1&cnn_rollup=homepage&page.allowcompete=no&params.styles=fs&Params.User.UserID=5486484304ce9b0a3c73c53c47049dba&transactionID=14180864692752242334067842&tile=8149646808141&domId=ba838ffc0756835b&kxid=&kxseg=,,12/8/2014 7:54:30 PM,1,,Internet Explorer 10,Student,
http://ads.cnn.com/html.ng/site=cnn&cnn_pagetype=main&cnn_position=728x90_bot&cnn_rollup=homepage&params.styles=fs&page.allowcompete=no&Params.User.UserID=5486484304ce9b0a3c73c53c47049dba&transactionID=14180864692752242334067842&tile=8149646808141&domId=f72763bd1282af92&kxid=&kxseg=,,12/8/2014 7:54:30 PM,1,,Internet Explorer 10,Student,
http://ads.cnn.com/html.ng/site=cnn&cnn_pagetype=main&cnn_position=126x31_spon2&cnn_rollup=world&page.allowcompete=no&params.styles=fs&Params.User.UserID=5486484304ce9b0a3c73c53c47049dba&transactionID=14180864842744332253330624&tile=9063846808141&domId=1d95ad9de308accd&kxid=o3swu6eu4&kxseg=,,12/8/2014 7:54:43 PM,1,,Internet Explorer 10,Student,
http://ads.cnn.com/html.ng/site=cnn&cnn_pagetype=main&cnn_position=300x250_rgt&cnn_rollup=homepage&page.allowcompete=no&params.styles=fs&Params.User.UserID=5486484304ce9b0a3c73c53c47049dba&transactionID=14180864983791275396419206&tile=5377946808145&domId=9c86913b431b114f&kxid=o3swu6eu4&kxseg=,,12/8/2014 7:54:57 PM,1,,Internet Explorer 10,Student,
http://ads.cnn.com/html.ng/site=cnn&cnn_pagetype=main&cnn_position=126x31_spon4&cnn_rollup=world&page.allowcompete=no&params.styles=fs&Params.User.UserID=5486484304ce9b0a3c73c53c47049dba&transactionID=14180864842744332253330624&tile=9063846808141&domId=34c77494f12fc864&kxid=o3swu6eu4&kxseg=,,12/8/2014 7:54:43 PM,1,,Internet Explorer 10,Student,
http://ads.cnn.com/html.ng/site=cnn&cnn_pagetype=bst&cnn_position=728x90_top&cnn_rollup=world&cnn_section=cnn_photos&page.allowcompete=no&params.styles=fs&Params.User.UserID=5486484304ce9b0a3c73c53c47049dba&transactionID=14180864806998757609643854&tile=4210846808141&domId=0c16be58e01c3994&kxid=o3swu6eu4&kxseg=,,12/8/2014 7:54:40 PM,1,,Internet Explorer 10,Student,
http://ads.cnn.com/html.ng/site=cnn&cnn_pagetype=main&cnn_position=300x100_spon1&cnn_rollup=homepage&page.allowcompete=no&params.styles=fs&Params.User.UserID=5486484304ce9b0a3c73c53c47049dba&transactionID=14180864983791275396419206&tile=5377946808141&domId=ba838ffc0756835b&kxid=o3swu6eu4&kxseg=,,12/8/2014 7:54:57 PM,1,,Internet Explorer 10,Student,
http://ads.cnn.com/html.ng/site=cnn&cnn_pagetype=bst&cnn_position=728x90_top&cnn_rollup=world&cnn_section=cnn_photos&page.allowcompete=no&params.styles=fs&Params.User.UserID=5486484304ce9b0a3c73c53c47049dba&transactionID=1418086494209079795659135&tile=5553946808141&domId=0c16be58e01c3994&kxid=o3swu6eu4&kxseg=,,12/8/2014 7:54:53 PM,1,,Internet Explorer 10,Student,
http://ads.cnn.com/html.ng/site=cnn&cnn_pagetype=main&cnn_rollup=world&page.allowcompete=no&params.styles=fs&Params.User.UserID=5486484304ce9b0a3c73c53c47049dba&transactionID=14180864842744332253330624&tile=9063846808141&domId=875ff6d9b124f504&kxid=o3swu6eu4&kxseg=,,12/8/2014 7:54:44 PM,1,,Internet Explorer 10,Student,
http://ads.cnn.com/html.ng/site=cnn&cnn_pagetype=main&cnn_position=300x250_rgt2&cnn_rollup=homepage&page.allowcompete=no&params.styles=fs&Params.User.UserID=5486484304ce9b0a3c73c53c47049dba&transactionID=14180864983791275396419206&tile=5377946808145&domId=977b69f1d2ca7a72&kxid=o3swu6eu4&kxseg=,,12/8/2014 7:54:57 PM,1,,Internet Explorer 10,Student,
http://www.dell.com/,Dell Official Site - The Power To Do More | Dell,12/8/2014 8:08:18 PM,1,,Firefox,Student,6g3svqjn.default
http://ads.cnn.com/html.ng/site=cnn&cnn_pagetype=main&cnn_position=300x250_rgt2&cnn_rollup=homepage&page.allowcompete=no&params.styles=fs&Params.User.UserID=5486484304ce9b0a3c73c53c47049dba&transactionID=14180864692752242334067842&tile=8149646808145&domId=977b69f1d2ca7a72&kxid=&kxseg=,,12/8/2014 7:54:30 PM,1,,Internet Explorer 10,Student,
http://windows.microsoft.com/en-us/windows-8/windows-pcs,Windows PCs and Tablets - Microsoft Windows,12/8/2014 8:08:01 PM,1,http://windows.microsoft.com/en-us/windows-8/apps#Cat=t0,Firefox,Student,6g3svqjn.default
http://windows.microsoft.com/en-us/windows-8/apps#Cat=t0,Apps for Windows - Microsoft Windows,12/8/2014 8:07:59 PM,1,,Firefox,Student,6g3svqjn.default
http://windows.microsoft.com/en-us/windows-8/apps,Apps for Windows - Microsoft Windows,12/8/2014 8:07:58 PM,1,http://windows.microsoft.com/en-us/windows/home,Firefox,Student,6g3svqjn.default
http://windows.microsoft.com/en-us/windows/home,Windows - Microsoft Windows,12/8/2014 8:07:55 PM,1,http://windows.microsoft.com/,Firefox,Student,6g3svqjn.default
http://google.rit.edu/,Google Apps at RIT,12/8/2014 7:48:38 PM,1,,Chrome,Student,Default
http://mail.g.rit.edu/,RIT Login,12/8/2014 7:48:42 PM,1,http://google.rit.edu/,Chrome,Student,Default
https://mail.google.com/a/g.rit.edu,RIT Login,12/8/2014 7:48:42 PM,1,http://mail.g.rit.edu/,Chrome,Student,Default
https://www.google.com/a/g.rit.edu/ServiceLogin?service=mail&passive=true&rm=false&continue=https://mail.google.com/a/g.rit.edu/&ss=1&ltmpl=default&ltmplcache=2&emr=1,RIT Login,12/8/2014 7:48:42 PM,1,https://mail.google.com/a/g.rit.edu,Chrome,Student,Default
https://shibboleth.main.ad.rit.edu/idp/profile/SAML2/Redirect/SSO?SAMLRequest=fVLJTsMwEL0j8Q%2BW79mqHsBqgkorRCSWiKYcuLnxpLHwEjxOCn9PmhYBEvT6%2FOYt45ldvWtFenAorUlpEsaUgKmskGab0nV5E1zQq%2Bz8bIZcq5bNO9%2BYJ3jrAD0ZJg2y8SGlnTPMcpTIDNeAzFdsNb%2B%2FY5MwZq2z3lZWUZIvU1pvlOBt25pGCAWvjRESuJbqVatN3YAGsLI2hlPy%2FBVrso%2BVI3aQG%2FTc%2BAGKk2mQTIL4soxjNr1g0%2BSFkuLodC3NocGpWJsDCdltWRZB8bgqR4FeCnAPAzulW2u3CsLK6r19wRFlP8A1VwiUzBHB%2BSHgwhrsNLgVuF5WsH66S2njfYssina7XfgtE%2FFoGzrpQxBdxCuk2bhYNnZzPzZ6Ojn%2FcqbZ39qz6Idsdvy8fad8WVglqw8yV8ruFg64Hwp51w19bqzT3P%2FvnITJiEgR1COVdQZbqGQtQVASZQfX31cy3M4n&RelayState=https%3A%2F%2Fwww.google.com%2Fa%2Fg.rit.edu%2FServiceLogin%3Fservice%3Dmail%26passive%3Dtrue%26rm%3Dfalse%26continue%3Dhttps%253A%252F%252Fmail.google.com%252Fa%252Fg.rit.edu%252F%26ss%3D1%26ltmpl%3Ddefault%26ltmplcache%3D2%26emr%3D1,RIT Login,12/8/2014 7:48:42 PM,1,https://www.google.com/a/g.rit.edu/ServiceLogin?service=mail&passive=true&rm=false&continue=https://mail.google.com/a/g.rit.edu/&ss=1&ltmpl=default&ltmplcache=2&emr=1,Chrome,Student,Default
https://shibboleth.main.ad.rit.edu/idp/AuthnEngine,RIT Login,12/8/2014 7:48:42 PM,1,https://shibboleth.main.ad.rit.edu/idp/profile/SAML2/Redirect/SSO?SAMLRequest=fVLJTsMwEL0j8Q%2BW79mqHsBqgkorRCSWiKYcuLnxpLHwEjxOCn9PmhYBEvT6%2FOYt45ldvWtFenAorUlpEsaUgKmskGab0nV5E1zQq%2Bz8bIZcq5bNO9%2BYJ3jrAD0ZJg2y8SGlnTPMcpTIDNeAzFdsNb%2B%2FY5MwZq2z3lZWUZIvU1pvlOBt25pGCAWvjRESuJbqVatN3YAGsLI2hlPy%2FBVrso%2BVI3aQG%2FTc%2BAGKk2mQTIL4soxjNr1g0%2BSFkuLodC3NocGpWJsDCdltWRZB8bgqR4FeCnAPAzulW2u3CsLK6r19wRFlP8A1VwiUzBHB%2BSHgwhrsNLgVuF5WsH66S2njfYssina7XfgtE%2FFoGzrpQxBdxCuk2bhYNnZzPzZ6Ojn%2FcqbZ39qz6Idsdvy8fad8WVglqw8yV8ruFg64Hwp51w19bqzT3P%2FvnITJiEgR1COVdQZbqGQtQVASZQfX31cy3M4n&RelayState=https%3A%2F%2Fwww.google.com%2Fa%2Fg.rit.edu%2FServiceLogin%3Fservice%3Dmail%26passive%3Dtrue%26rm%3Dfalse%26continue%3Dhttps%253A%252F%252Fmail.google.com%252Fa%252Fg.rit.edu%252F%26ss%3D1%26ltmpl%3Ddefault%26ltmplcache%3D2%26emr%3D1,Chrome,Student,Default
http://windows.microsoft.com/,,12/8/2014 8:07:54 PM,1,http://windows.com/,Firefox,Student,6g3svqjn.default
http://windows.com/,,12/8/2014 8:07:54 PM,1,,Firefox,Student,6g3svqjn.default
http://w.visualdna.com/analytics/?api_key=forbes1411635427078&post_message=1,,12/8/2014 8:07:47 PM,1,,Firefox,Student,6g3svqjn.default
https://shibboleth.main.ad.rit.edu/idp/profile/SAML2/Redirect/SSO,,12/8/2014 7:48:57 PM,1,https://shibboleth.main.ad.rit.edu/idp/Authn/UserPassword,Chrome,Student,Default
https://www.google.com/a/g.rit.edu/acs,Redirecting...,12/8/2014 7:48:57 PM,1,https://shibboleth.main.ad.rit.edu/idp/profile/SAML2/Redirect/SSO,Chrome,Student,Default
https://accounts.google.com/MergeSession?uberauth=APh-3FzXOH1dUnJOxDiBCFshEJfPHz2-2BIsbz_2fX3JnJYdkSH8iyFPNq92axUDDRe3egxyqcGA-KjPjbx5D7GXDnER9nmNWBrgCq_zUDCyuJ5YjTwzl85Svbe1U3rcJsQVi19l5mDYhAtUsc1b_EwvCD5L49BNfyuCWOqeja6MwtMbvsT6CpfiH--oF1iOZtY2M2jQncR_7jM1lxiTBWP1q1JsBQNJATPNbNrDyAsY77nKVBFU7aRdxYmqdsvkW52NQwni6qaS_aV_SK7ap0gO3dCRHyrKILBCWj90HR45QwQeeduxtwYZNqnj4tExLTvK0lzJer99h9xxsqVYfCxR2BGr9rMWd6MPWvgsRQMm4wmTi9LyFC1-YPDFyF2Zu60RgWMcMo1gDldJHxyrtF5DJhQir4ARyJReCQgd4Hj3Kh4OQ5hKpRwBiW9YMecUg3LKKd3vLZI0lH7Xs9uX56a0mqzXQIJhBHv--cGhVD1E8AVWrzRqVNGzher3eLFY1l3ZpLVeKS-YXDWjGf1-kwMgBi1hhe2_lSRSZdGkUKXdRA9vXOVLQTQLhoKbHD0vHXmvb1d745055qFLiP8sVbesH79ZEqRlSpIF8of-HWg4VBkchPnBcog&service=mail&continue=https%3A%2F%2Fmail.google.com%2Fa%2Fg.rit.edu%2F,Rochester Institute of Technology Mail,12/8/2014 7:48:57 PM,1,https://www.google.com/a/g.rit.edu/acs,Chrome,Student,Default
https://accounts.google.com/CheckCookie?chtml=LoginDoneHtml&service=mail&continue=https%3A%2F%2Fmail.google.com%2Fa%2Fg.rit.edu%2F&gidl=CAA,Rochester Institute of Technology Mail,12/8/2014 7:48:57 PM,1,https://accounts.google.com/MergeSession?uberauth=APh-3FzXOH1dUnJOxDiBCFshEJfPHz2-2BIsbz_2fX3JnJYdkSH8iyFPNq92axUDDRe3egxyqcGA-KjPjbx5D7GXDnER9nmNWBrgCq_zUDCyuJ5YjTwzl85Svbe1U3rcJsQVi19l5mDYhAtUsc1b_EwvCD5L49BNfyuCWOqeja6MwtMbvsT6CpfiH--oF1iOZtY2M2jQncR_7jM1lxiTBWP1q1JsBQNJATPNbNrDyAsY77nKVBFU7aRdxYmqdsvkW52NQwni6qaS_aV_SK7ap0gO3dCRHyrKILBCWj90HR45QwQeeduxtwYZNqnj4tExLTvK0lzJer99h9xxsqVYfCxR2BGr9rMWd6MPWvgsRQMm4wmTi9LyFC1-YPDFyF2Zu60RgWMcMo1gDldJHxyrtF5DJhQir4ARyJReCQgd4Hj3Kh4OQ5hKpRwBiW9YMecUg3LKKd3vLZI0lH7Xs9uX56a0mqzXQIJhBHv--cGhVD1E8AVWrzRqVNGzher3eLFY1l3ZpLVeKS-YXDWjGf1-kwMgBi1hhe2_lSRSZdGkUKXdRA9vXOVLQTQLhoKbHD0vHXmvb1d745055qFLiP8sVbesH79ZEqRlSpIF8of-HWg4VBkchPnBcog&service=mail&continue=https%3A%2F%2Fmail.google.com%2Fa%2Fg.rit.edu%2F,Chrome,Student,Default
https://mail.google.com/a/g.rit.edu/?auth=DQAAALQAAAAOxLVSfNhwN0rgyJI-dAOxlTnuG-C32BQKb141coM4zN9tUQE03o75CYKtMvmyvo9U9E6nAUScm-NY0xC9kVbYcpJ2ZcOReDSiZYHDxY1byvf1xR2B-uWGoTVCCNrygGHe2yhOHvJEJM9CsLjm8KCTzZ20iiHivVFu_rHYrdk_58Ct_xi9g3qWthyt2mup-_s6UOlGi6XtzSRBTBC2VKFCnBShVU1o3iWWm62uRm1WlUHsaQ9pvD0Hf8sPm87Ug5o,Rochester Institute of Technology Mail,12/8/2014 7:48:57 PM,1,https://accounts.google.com/CheckCookie?chtml=LoginDoneHtml&service=mail&continue=https%3A%2F%2Fmail.google.com%2Fa%2Fg.rit.edu%2F&gidl=CAA,Chrome,Student,Default
https://mail.google.com/mail/u/0/?auth=DQAAALQAAAAOxLVSfNhwN0rgyJI-dAOxlTnuG-C32BQKb141coM4zN9tUQE03o75CYKtMvmyvo9U9E6nAUScm-NY0xC9kVbYcpJ2ZcOReDSiZYHDxY1byvf1xR2B-uWGoTVCCNrygGHe2yhOHvJEJM9CsLjm8KCTzZ20iiHivVFu_rHYrdk_58Ct_xi9g3qWthyt2mup-_s6UOlGi6XtzSRBTBC2VKFCnBShVU1o3iWWm62uRm1WlUHsaQ9pvD0Hf8sPm87Ug5o,Rochester Institute of Technology Mail,12/8/2014 7:48:57 PM,1,https://mail.google.com/a/g.rit.edu/?auth=DQAAALQAAAAOxLVSfNhwN0rgyJI-dAOxlTnuG-C32BQKb141coM4zN9tUQE03o75CYKtMvmyvo9U9E6nAUScm-NY0xC9kVbYcpJ2ZcOReDSiZYHDxY1byvf1xR2B-uWGoTVCCNrygGHe2yhOHvJEJM9CsLjm8KCTzZ20iiHivVFu_rHYrdk_58Ct_xi9g3qWthyt2mup-_s6UOlGi6XtzSRBTBC2VKFCnBShVU1o3iWWm62uRm1WlUHsaQ9pvD0Hf8sPm87Ug5o,Chrome,Student,Default
https://mail.google.com/mail/u/0/,Rochester Institute of Technology Mail,12/8/2014 7:48:57 PM,1,https://mail.google.com/mail/u/0/?auth=DQAAALQAAAAOxLVSfNhwN0rgyJI-dAOxlTnuG-C32BQKb141coM4zN9tUQE03o75CYKtMvmyvo9U9E6nAUScm-NY0xC9kVbYcpJ2ZcOReDSiZYHDxY1byvf1xR2B-uWGoTVCCNrygGHe2yhOHvJEJM9CsLjm8KCTzZ20iiHivVFu_rHYrdk_58Ct_xi9g3qWthyt2mup-_s6UOlGi6XtzSRBTBC2VKFCnBShVU1o3iWWm62uRm1WlUHsaQ9pvD0Hf8sPm87Ug5o,Chrome,Student,Default
https://mail.google.com/mail/u/0/#inbox,Inbox (14) - axg7497@g.rit.edu - Rochester Institute of Technology Mail,12/8/2014 7:48:59 PM,1,https://mail.google.com/mail/u/0/,Chrome,Student,Default
https://drive.google.com/?tab=mo&authuser=0,Redirecting...,12/8/2014 7:49:04 PM,1,,Chrome,Student,Default
https://drive.google.com/a/g.rit.edu/?tab=mo&authuser=0#,,12/8/2014 7:49:04 PM,1,https://drive.google.com/?tab=mo&authuser=0,Chrome,Student,Default
https://drive.google.com/a/g.rit.edu/?tab=mo#,,12/8/2014 7:49:04 PM,1,https://drive.google.com/a/g.rit.edu/?tab=mo&authuser=0#,Chrome,Student,Default
https://drive.google.com/drive/?rfd=1#,Google Drive,12/8/2014 7:49:04 PM,1,https://drive.google.com/a/g.rit.edu/?tab=mo#,Chrome,Student,Default
https://drive.google.com/drive/#,,12/8/2014 7:49:05 PM,1,https://drive.google.com/drive/?rfd=1#,Chrome,Student,Default
http://www.forbes.com/sites/brucejapsen/2014/12/08/from-aarp-to-pfizer-partners-seek-optum-labs-big-data-to-improve-health/,"From AARP To Pfizer, Partners Seek Optum Labs Big Data To Improve Health",12/8/2014 8:07:47 PM,1,http://www.forbes.com/,Firefox,Student,6g3svqjn.default
http://www.forbes.com/fdc/welcome_mjx.shtml,Welcome to Forbes,12/8/2014 8:07:39 PM,1,http://www.forbes.com/,Firefox,Student,6g3svqjn.default
"http://www.google.com/url?sa=t&rct=j&q=&esrc=s&source=web&cd=1&sqi=2&ved=0CB4QFjAA&url=http%3A%2F%2Fwww.forbes.com%2F&ei=VEuGVO2JCtLxaMz2gPAC&usg=AFQjCNH7EMuJ1sGA2NFd078W7GXsMHsaBg&bvm=bv.80642063,d.aWw",,12/8/2014 8:07:39 PM,1,https://www.google.com/?gws_rd=ssl#q=forbes,Firefox,Student,6g3svqjn.default
https://www.google.com/?gws_rd=ssl#q=forbes,forbes - Google Search,12/8/2014 8:07:37 PM,1,,Firefox,Student,6g3svqjn.default
http://www.cnn.com/2013/04/02/showbiz/gallery/dead-reality-stars/index.html?hpt=hp_c3,Photos: Reality stars we've lost - CNN.com,12/8/2014 8:04:44 PM,1,,Firefox,Student,6g3svqjn.default
http://us.norton.com/promotion?om_ext_cid=hho_ext_greysf_fy15_Consumer24041842,Norton Holiday Sale | Norton,12/8/2014 8:04:30 PM,1,http://a01-viq.korrelate.net/a/e/d2c.ads?et=c&ago=212&ao=234&aca=464013&si=CNN.com&ci=Tracking%20Pixel&kv0=11522472&kv1=24041842&kv2=-7&kv3=-7&kv4=-7&kv5=118&kv6=-7&kv7=C&kv9=-7&kv10=US&red=http://us.norton.com/promotion?om_ext_cid=hho_ext_greysf_fy15_Consumer24041842,Firefox,Student,6g3svqjn.default
http://a01-viq.korrelate.net/a/e/d2c.ads?et=c&ago=212&ao=234&aca=464013&si=CNN.com&ci=Tracking%20Pixel&kv0=11522472&kv1=24041842&kv2=-7&kv3=-7&kv4=-7&kv5=118&kv6=-7&kv7=C&kv9=-7&kv10=US&red=http://us.norton.com/promotion?om_ext_cid=hho_ext_greysf_fy15_Consumer24041842,,12/8/2014 8:04:29 PM,1,"http://bs.serving-sys.com/BurstingPipe/adServer.bs?cn=tf&c=20&mc=click&pli=11522472&PluID=0&ord=desbgKI,bkimsutdnNnyt",Firefox,Student,6g3svqjn.default
"http://bs.serving-sys.com/BurstingPipe/adServer.bs?cn=tf&c=20&mc=click&pli=11522472&PluID=0&ord=desbgKI,bkimsutdnNnyt",,12/8/2014 8:04:29 PM,1,"http://ads.cnn.com/event.ng/Type=click&FlightID=624369&AdID=848162&TargetID=186169&Segments=DECBHHicFZHLDQAwCEIX8uBf2H-x0suLIRXFXrll9lkiyyox1lFtbK7xjgLCiCkLL5WRLFpshBRMnEikBTtoyaN8fMblNmzxmt8506ow4tatFdL1knUndkjhdyvuhbWnJrYGuPWufKZzQgTPZuFpc5FjWkRzt2VtuxUhNqXshpTzVI2DyDgpbMDOS_pdKv_niI0S__TP_FTXKZFqYtfg6jMoyxmqGuLMJ5UaDU2HBBeXn2zpm9pQTCl7yvsp5eZ76vCq8a8EhUsDV270Cv1DjLIwNj-10Of5p27OgLZlqMGYd_MAM0BdZw..&Values=DECBHHicJY7LDURRCEIbYuEf7b-x4c7bgDkh4BhIrMPN4G0457sLHtsiu3DGwDcCMQoHa1BVh7sjasMT7eSiY0V6rHXPMtA0a_TKpTSRO3WO2540JqVnjxw1E3FM7eYV33zu3871UZ91POtSZMzSPxMcX5X4ZO78ALIsKm0.&RawValues=NGUSERID%252C54864a920cb3200a3c6b807318049459%252CKXID%252C%252CTID%252C14180870634319276578421177%252CTIL%252C0762607808141&Redirect=http://bs.serving-sys.com/BurstingPipe/adServer.bs?cn=tf&c=20&mc=click&pli=11522472&PluID=0&ord=desbgKI,bkimsutdnNnyt",Firefox,Student,6g3svqjn.default
"http://ads.cnn.com/event.ng/Type=click&FlightID=624369&AdID=848162&TargetID=186169&Segments=DECBHHicFZHLDQAwCEIX8uBf2H-x0suLIRXFXrll9lkiyyox1lFtbK7xjgLCiCkLL5WRLFpshBRMnEikBTtoyaN8fMblNmzxmt8506ow4tatFdL1knUndkjhdyvuhbWnJrYGuPWufKZzQgTPZuFpc5FjWkRzt2VtuxUhNqXshpTzVI2DyDgpbMDOS_pdKv_niI0S__TP_FTXKZFqYtfg6jMoyxmqGuLMJ5UaDU2HBBeXn2zpm9pQTCl7yvsp5eZ76vCq8a8EhUsDV270Cv1DjLIwNj-10Of5p27OgLZlqMGYd_MAM0BdZw..&Values=DECBHHicJY7LDURRCEIbYuEf7b-x4c7bgDkh4BhIrMPN4G0457sLHtsiu3DGwDcCMQoHa1BVh7sjasMT7eSiY0V6rHXPMtA0a_TKpTSRO3WO2540JqVnjxw1E3FM7eYV33zu3871UZ91POtSZMzSPxMcX5X4ZO78ALIsKm0.&RawValues=NGUSERID%252C54864a920cb3200a3c6b807318049459%252CKXID%252C%252CTID%252C14180870634319276578421177%252CTIL%252C0762607808141&Redirect=http://bs.serving-sys.com/BurstingPipe/adServer.bs?cn=tf&c=20&mc=click&pli=11522472&PluID=0&ord=desbgKI,bkimsutdnNnyt",,12/8/2014 8:04:29 PM,1,http://www.cnn.com/,Firefox,Student,6g3svqjn.default
http://www.cnn.com/,"CNN.com - Breaking News, U.S., World, Weather, Entertainment & Video News",12/8/2014 8:04:22 PM,1,http://cnn.com/,Firefox,Student,6g3svqjn.default
http://cnn.com/,,12/8/2014 8:04:22 PM,1,,Firefox,Student,6g3svqjn.default
http://www.istlabs.rit.edu/,Lab Status,12/8/2014 7:55:37 PM,1,,Firefox,Student,6g3svqjn.default
http://espn.go.com/,ESPN: The Worldwide Leader In Sports,12/8/2014 7:55:40 PM,1,,Chrome,Student,Default
http://espn.go.com/nfl/story/_/id/12000374/eric-berry-kansas-city-chiefs-diagnosed-hodgkin-lymphoma,Eric Berry of Kansas City Chiefs diagnosed with Hodgkin's lymphoma - ESPN,12/8/2014 7:55:44 PM,1,http://espn.go.com/,Chrome,Student,Default
http://scores.espn.go.com/nfl/scoreboard,NFL Football Scores - NFL Scoreboard - ESPN - ESPN,12/8/2014 7:55:49 PM,1,http://espn.go.com/nfl/story/_/id/12000374/eric-berry-kansas-city-chiefs-diagnosed-hodgkin-lymphoma,Chrome,Student,Default
https://www.google.com/webhp?sourceid=chrome-instant&ion=1&espv=2&ie=UTF-8,,12/8/2014 7:55:54 PM,1,,Chrome,Student,Default
https://www.google.com/webhp?sourceid=chrome-instant&ion=1&espv=2&ie=UTF-8#q=usatoday,usatoday - Google Search,12/8/2014 7:55:57 PM,1,,Chrome,Student,Default
http://www.google.com/aclk?sa=l&ai=CY0djmkiGVLO8LqSksAeVw4HoDPeP_sEF19Xc0MYBm66hBwgAEAFgyaaxi8Ck7BCgAbaCkP8DyAEBqgQmT9DDrkx8BV_b-ZQB6QnDxQFDsBGzPlA0-OtpiXAL406UkBMVPt-AB7L9b4gHAZAHAqgHpr4b&sig=AOD64_2BrhfjlKA20eabkVmsD29_4cuXaQ&rct=j&q=&ved=0CB4Q0Qw&adurl=https://offers.usatoday.com/googleexacttermv2%3Fmkwid%3Dsbxn14K4L_dc%26pcrid%3D53187420383,,12/8/2014 7:56:01 PM,1,,Chrome,Student,Default
http://www.googleadservices.com/pagead/aclk?sa=L&ai=CY0djmkiGVLO8LqSksAeVw4HoDPeP_sEF19Xc0MYBm66hBwgAEAFgyaaxi8Ck7BCgAbaCkP8DyAEBqgQmT9DDrkx8BV_b-ZQB6QnDxQFDsBGzPlA0-OtpiXAL406UkBMVPt-AB7L9b4gHAZAHAqgHpr4b&ved=0CB4Q0Qw&sival=AF15MEAzVtUWv0WtX-sa2qC4wDHnHgOEbtk96AUZV_sf1LRii94Wnrini06JYqGhKqWlxzYIj4SyOBMBpFrPxjBQ5c4ALyjNKNUorQBO8EFJpIf-bvFiI7Y&sig=AOD64_3yT0oO69R3CKhoJn3vWkK5MzJoYg&adurl=https://offers.usatoday.com/googleexacttermv2%3Fmkwid%3Dsbxn14K4L_dc%26pcrid%3D53187420383,Get USA TODAY Home Delivery,12/8/2014 7:56:01 PM,1,http://www.google.com/aclk?sa=l&ai=CY0djmkiGVLO8LqSksAeVw4HoDPeP_sEF19Xc0MYBm66hBwgAEAFgyaaxi8Ck7BCgAbaCkP8DyAEBqgQmT9DDrkx8BV_b-ZQB6QnDxQFDsBGzPlA0-OtpiXAL406UkBMVPt-AB7L9b4gHAZAHAqgHpr4b&sig=AOD64_2BrhfjlKA20eabkVmsD29_4cuXaQ&rct=j&q=&ved=0CB4Q0Qw&adurl=https://offers.usatoday.com/googleexacttermv2%3Fmkwid%3Dsbxn14K4L_dc%26pcrid%3D53187420383,Chrome,Student,Default
https://offers.usatoday.com/googleexacttermv2?mkwid=sbxn14K4L_dc&pcrid=53187420383&gclid=Cj0KEQiAtZWkBRC9ibSfhoKEyLYBEiQA5fDxkYgnOQxwoSjQIhAk77Wil36OJ-KCzpgYS-XqTAcr3hcaAoFr8P8HAQ,Get USA TODAY Home Delivery,12/8/2014 7:56:01 PM,1,http://www.googleadservices.com/pagead/aclk?sa=L&ai=CY0djmkiGVLO8LqSksAeVw4HoDPeP_sEF19Xc0MYBm66hBwgAEAFgyaaxi8Ck7BCgAbaCkP8DyAEBqgQmT9DDrkx8BV_b-ZQB6QnDxQFDsBGzPlA0-OtpiXAL406UkBMVPt-AB7L9b4gHAZAHAqgHpr4b&ved=0CB4Q0Qw&sival=AF15MEAzVtUWv0WtX-sa2qC4wDHnHgOEbtk96AUZV_sf1LRii94Wnrini06JYqGhKqWlxzYIj4SyOBMBpFrPxjBQ5c4ALyjNKNUorQBO8EFJpIf-bvFiI7Y&sig=AOD64_3yT0oO69R3CKhoJn3vWkK5MzJoYg&adurl=https://offers.usatoday.com/googleexacttermv2%3Fmkwid%3Dsbxn14K4L_dc%26pcrid%3D53187420383,Chrome,Student,Default
https://offers.usatoday.com/googleexacttermv2?mkwid=sbxn14K4L_dc&pcrid=53187420383&gclid=Cj0KEQiAtZWkBRC9ibSfhoKEyLYBEiQA5fDxkYgnOQxwoSjQIhAk77Wil36OJ-KCzpgYS-XqTAcr3hcaAoFr8P8HAQ,Get USA TODAY Home Delivery,12/8/2014 7:56:21 PM,1,,Chrome,Student,Default
http://www.progressive.com/auto/compare-car-insurance-rates/?version=default,Car Insurance Rates: Auto Insurance Comparison | Progressive,12/8/2014 7:57:31 PM,1,http://www.progressive.com/auto/compare-car-insurance-rates/,Chrome,Student,Default
https://www.google.com/#q=msn,msn - Google Search,12/8/2014 7:56:44 PM,1,,Chrome,Student,Default
https://www.google.com/url?sa=f&rct=j&url=http://www.msn.com/&q=&esrc=s&ei=yUiGVI_GOpLbggTK4ILQDA&usg=AFQjCNEumQ_e4Vr7esW9NcAmLeLOffFItQ,,12/8/2014 7:56:46 PM,1,,Chrome,Student,Default
http://www.msn.com/,,12/8/2014 7:56:46 PM,1,https://www.google.com/url?sa=f&rct=j&url=http://www.msn.com/&q=&esrc=s&ei=yUiGVI_GOpLbggTK4ILQDA&usg=AFQjCNEumQ_e4Vr7esW9NcAmLeLOffFItQ,Chrome,Student,Default
http://www.bing.com/search?q=ken+weatherwax&form=PRHPS1&mkt=en-us&refig=528bf6b2d209455eb0137078db9c1dd8,ken weatherwax - Bing,12/8/2014 7:56:49 PM,1,http://www.msn.com/,Chrome,Student,Default
http://www.latimes.com/entertainment/tv/showtracker/la-et-st-ken-weatherwax-dies-20141208-story.html,"Ken Weatherwax, Pugsley on TV's 'The Addams Family,' dies at 59 - LA Times",12/8/2014 7:56:52 PM,1,http://www.bing.com/search?q=ken+weatherwax&form=PRHPS1&mkt=en-us&refig=528bf6b2d209455eb0137078db9c1dd8,Chrome,Student,Default
http://trc.taboola.com/latimes/log/3/click?pi=%2Fentertainment%2Ftv%2Fshowtracker%2Fla-et-st-ken-weatherwax-dies-20141208-story.html&ri=9441fcd4b9cf07ad93ae6f04b947abad&sd=v2_be2c88b7871ee54807513d342b99db79_d9081e31-e014-4030-9e65-99d757eae98f_1418086614_1418086614_CB4QhJk9&ui=d9081e31-e014-4030-9e65-99d757eae98f&it=video&ii=~~V1~~-94229128609453901~~lKPxIKO8KAwxXsnIG_UvR6sXdN17UUiyaPae73Z7uZUu-WU9B1aVQilFmaCRMwXbDqN37OgVMoF84QV2ZZA0RA&pt=text&li=rbox-t2m&redir=http%3A%2F%2Flifefactopia.com%2Fshopping%2FPay_Just_Pennies_For_Brand_New_Products%2F%3Fmb%3Dtaf%26aid%3Dt02-c30d-us%26%26sub%3Dlatimes&vi=1418086617391&p=quibids-sc&r=43,,12/8/2014 7:57:00 PM,1,,Chrome,Student,Default
http://lifefactopia.com/shopping/Pay_Just_Pennies_For_Brand_New_Products/?mb=taf&aid=t02-c30d-us&&sub=latimes,Pay Just Pennies For Brand-New Products,12/8/2014 7:57:00 PM,1,http://trc.taboola.com/latimes/log/3/click?pi=%2Fentertainment%2Ftv%2Fshowtracker%2Fla-et-st-ken-weatherwax-dies-20141208-story.html&ri=9441fcd4b9cf07ad93ae6f04b947abad&sd=v2_be2c88b7871ee54807513d342b99db79_d9081e31-e014-4030-9e65-99d757eae98f_1418086614_1418086614_CB4QhJk9&ui=d9081e31-e014-4030-9e65-99d757eae98f&it=video&ii=~~V1~~-94229128609453901~~lKPxIKO8KAwxXsnIG_UvR6sXdN17UUiyaPae73Z7uZUu-WU9B1aVQilFmaCRMwXbDqN37OgVMoF84QV2ZZA0RA&pt=text&li=rbox-t2m&redir=http%3A%2F%2Flifefactopia.com%2Fshopping%2FPay_Just_Pennies_For_Brand_New_Products%2F%3Fmb%3Dtaf%26aid%3Dt02-c30d-us%26%26sub%3Dlatimes&vi=1418086617391&p=quibids-sc&r=43,Chrome,Student,Default
http://lifefactopia.com/travel/Booking-a-Cruise-for-Your-Next-Vacation/,Auto Insurance Overpayment is Common,12/8/2014 7:57:01 PM,1,http://lifefactopia.com/shopping/Pay_Just_Pennies_For_Brand_New_Products/?mb=taf&aid=t02-c30d-us&&sub=latimes,Chrome,Student,Default
http://mf.sitescout.com/click?clid=0e9e16c061&rand=1418086620140&sid=2450050%20_2.5g&xurl=http%3A%2F%2Fnym1.ib.adnxs.com%2Fif%3Fe%3DwqT_3QK6BMAxAgAAAgDWAAUI25GZpAUQqfrvyvrUuvomGNforID2iKPxSiABKi0JAAAAAAAABEARBQgwAARAGdNNYhBY-SBAIRESACkRCagwmphxOJ4HQJ4HSAJQj9G4BFiP0xJgAGj2PXAAeLSQA4ABAYoBA1VTRJIBAQbwwJgBrAKgAfoBqAEAsAEAuAECwAEEyAEC0AEA2AEA4AEA8AEAigI5dWYoJ2EnLCAyMTMzNDUsIDE0MTgwODY2MTkpO3VmKCdyJywgOTMxNjQ5NSwgMTQxODA4NjYxOSk7kgKdASF4eHlEa3dpQ3haVUJFSV9SdUFRWUFDQ1AweEl3QURnQVFBUkluZ2RRbXBoeFdBQmd6d0ZvQUhBQWVBQ0FBUUNJQVFDUUFRR1lBUUdnQVFHb0FRT3dBUUM1QVFBQUEFAxBSQXdRRQUKVEFBQUVRTWtCMEFDOVhfZEE5RF9aQVEBFzRBQUFQQV80QUhYa0FYMQ0UKC6aAh0hd2dVdE5RNqAA8J5qOU1TSUFRLtgCM-ACt_sZ6gJHaHR0cDovL2xpZmVmYWN0b3BpYS5jb20vdHJhdmVsL0Jvb2tpbmctYS1DcnVpc2UtZm9yLVlvdXItTmV4dC1WYWNhdGlvbi_yAhAKBUNQX0lEEgcyNDUwMDUw8gIQCghDUEdfQ09ERRIEMi41Z4ADAIgDAZADAJgDAKADAaoDALADALgDAMADrALIAwA.%26dlo%3D1%26referrer%3Dhttp%253A%252F%252Flifefactopia.com%252Ftravel%252FBooking-a-Cruise-for-Your-Next-Vacation%252F&cm=http%3A%2F%2Fnym1.ib.adnxs.com%2Fclick%3FAAAAAAAABEAAAAAAAAAEQNNNYhBY-SBAAAAAAAAABEAAAAAAAAAEQCn9W6mn6vQmVzQLYEeM4krbSIZUAAAAABpMHACeAwAAngMAAAIAAACPKI4Aj6kEAAAAAQBVU0QAVVNEACwB-gD2HgAANMgDAQQCAQAAAAAAfRejOwAAAAA.%2Fcnd%3D%2521wgUtNQiCxZUBEI_RuAQYj9MSIAQ.%2Freferrer%3Dhttp%253A%252F%252Flifefactopia.com%252Ftravel%252FBooking-a-Cruise-for-Your-Next-Vacation%252F%2Fclickenc%3D,,12/8/2014 7:57:04 PM,1,,Chrome,Student,Default
http://nym1.ib.adnxs.com/click?AAAAAAAABEAAAAAAAAAEQNNNYhBY-SBAAAAAAAAABEAAAAAAAAAEQCn9W6mn6vQmVzQLYEeM4krbSIZUAAAAABpMHACeAwAAngMAAAIAAACPKI4Aj6kEAAAAAQBVU0QAVVNEACwB-gD2HgAANMgDAQQCAQAAAAAAfRejOwAAAAA./cnd=!wgUtNQiCxZUBEI_RuAQYj9MSIAQ./referrer=http://lifefactopia.com/travel/Booking-a-Cruise-for-Your-Next-Vacation//clickenc=http://mediaforceltd.go2jump.org/aff_c?offer_id=235&aff_id=1&aff_sub=streamPilot75,,12/8/2014 7:57:04 PM,1,http://mf.sitescout.com/click?clid=0e9e16c061&rand=1418086620140&sid=2450050%20_2.5g&xurl=http%3A%2F%2Fnym1.ib.adnxs.com%2Fif%3Fe%3DwqT_3QK6BMAxAgAAAgDWAAUI25GZpAUQqfrvyvrUuvomGNforID2iKPxSiABKi0JAAAAAAAABEARBQgwAARAGdNNYhBY-SBAIRESACkRCagwmphxOJ4HQJ4HSAJQj9G4BFiP0xJgAGj2PXAAeLSQA4ABAYoBA1VTRJIBAQbwwJgBrAKgAfoBqAEAsAEAuAECwAEEyAEC0AEA2AEA4AEA8AEAigI5dWYoJ2EnLCAyMTMzNDUsIDE0MTgwODY2MTkpO3VmKCdyJywgOTMxNjQ5NSwgMTQxODA4NjYxOSk7kgKdASF4eHlEa3dpQ3haVUJFSV9SdUFRWUFDQ1AweEl3QURnQVFBUkluZ2RRbXBoeFdBQmd6d0ZvQUhBQWVBQ0FBUUNJQVFDUUFRR1lBUUdnQVFHb0FRT3dBUUM1QVFBQUEFAxBSQXdRRQUKVEFBQUVRTWtCMEFDOVhfZEE5RF9aQVEBFzRBQUFQQV80QUhYa0FYMQ0UKC6aAh0hd2dVdE5RNqAA8J5qOU1TSUFRLtgCM-ACt_sZ6gJHaHR0cDovL2xpZmVmYWN0b3BpYS5jb20vdHJhdmVsL0Jvb2tpbmctYS1DcnVpc2UtZm9yLVlvdXItTmV4dC1WYWNhdGlvbi_yAhAKBUNQX0lEEgcyNDUwMDUw8gIQCghDUEdfQ09ERRIEMi41Z4ADAIgDAZADAJgDAKADAaoDALADALgDAMADrALIAwA.%26dlo%3D1%26referrer%3Dhttp%253A%252F%252Flifefactopia.com%252Ftravel%252FBooking-a-Cruise-for-Your-Next-Vacation%252F&cm=http%3A%2F%2Fnym1.ib.adnxs.com%2Fclick%3FAAAAAAAABEAAAAAAAAAEQNNNYhBY-SBAAAAAAAAABEAAAAAAAAAEQCn9W6mn6vQmVzQLYEeM4krbSIZUAAAAABpMHACeAwAAngMAAAIAAACPKI4Aj6kEAAAAAQBVU0QAVVNEACwB-gD2HgAANMgDAQQCAQAAAAAAfRejOwAAAAA.%2Fcnd%3D%2521wgUtNQiCxZUBEI_RuAQYj9MSIAQ.%2Freferrer%3Dhttp%253A%252F%252Flifefactopia.com%252Ftravel%252FBooking-a-Cruise-for-Your-Next-Vacation%252F%2Fclickenc%3D,Chrome,Student,Default
http://mediaforceltd.go2jump.org/aff_c?offer_id=235&aff_id=1&aff_sub=streamPilot75,,12/8/2014 7:57:04 PM,1,http://nym1.ib.adnxs.com/click?AAAAAAAABEAAAAAAAAAEQNNNYhBY-SBAAAAAAAAABEAAAAAAAAAEQCn9W6mn6vQmVzQLYEeM4krbSIZUAAAAABpMHACeAwAAngMAAAIAAACPKI4Aj6kEAAAAAQBVU0QAVVNEACwB-gD2HgAANMgDAQQCAQAAAAAAfRejOwAAAAA./cnd=!wgUtNQiCxZUBEI_RuAQYj9MSIAQ./referrer=http://lifefactopia.com/travel/Booking-a-Cruise-for-Your-Next-Vacation//clickenc=http://mediaforceltd.go2jump.org/aff_c?offer_id=235&aff_id=1&aff_sub=streamPilot75,Chrome,Student,Default
http://tracking.lifestylejournal.com/aff_r?offer_id=235&aff_id=1&url=https%3A%2F%2Fwww.pimsleurapproach.com%2Fpresentation413.asp%3Fsid%3Dsl60000bnr%26es%3D60&urlauth=350914182014792496626471690314,,12/8/2014 7:57:04 PM,1,http://mediaforceltd.go2jump.org/aff_c?offer_id=235&aff_id=1&aff_sub=streamPilot75,Chrome,Student,Default
http://tracking.lifestylejournal.com/aff_r?offer_id=235&aff_id=1&redirect_pass=1&url=https%3A%2F%2Fwww.pimsleurapproach.com%2Fpresentation413.asp%3Fsid%3Dsl60000bnr%26es%3D60&urlauth=350914182014792496626471690314,Start Speaking a Language in 10 days | Pimsleur Approach ™,12/8/2014 7:57:04 PM,1,http://tracking.lifestylejournal.com/aff_r?offer_id=235&aff_id=1&url=https%3A%2F%2Fwww.pimsleurapproach.com%2Fpresentation413.asp%3Fsid%3Dsl60000bnr%26es%3D60&urlauth=350914182014792496626471690314,Chrome,Student,Default
https://www.pimsleurapproach.com/presentation413.asp?sid=sl60000bnr&es=60,Start Speaking a Language in 10 days | Pimsleur Approach ™,12/8/2014 7:57:04 PM,1,http://tracking.lifestylejournal.com/aff_r?offer_id=235&aff_id=1&redirect_pass=1&url=https%3A%2F%2Fwww.pimsleurapproach.com%2Fpresentation413.asp%3Fsid%3Dsl60000bnr%26es%3D60&urlauth=350914182014792496626471690314,Chrome,Student,Default
https://www.pimsleurapproach.com/opttopop_v9.asp?opttopop=affl&sid=sl60000bnr&es=60,Start Speaking a Language in 10 days | Pimsleur Approach ™,12/8/2014 7:57:04 PM,1,https://www.pimsleurapproach.com/presentation413.asp?sid=sl60000bnr&es=60,Chrome,Student,Default
https://www.pimsleurapproach.com/affiliate-questionnaire.asp?opttopop=affl&sid=sl60000bnr&es=60&np=atc520,Affiliate Questionaire | Pimsleur Approach™,12/8/2014 7:57:13 PM,1,,Chrome,Student,Default
http://www.pimsleurapproach.com/affiliate-questionnaire/?opttopop=affl&sid=sl60000bnr&es=60&np=atc520,Affiliate Questionaire | Pimsleur Approach™,12/8/2014 7:57:13 PM,1,https://www.pimsleurapproach.com/affiliate-questionnaire.asp?opttopop=affl&sid=sl60000bnr&es=60&np=atc520,Chrome,Student,Default
http://lifefactopia.com/finance/,LifeFactopia.com : Finance,12/8/2014 7:57:23 PM,1,,Chrome,Student,Default
http://lifefactopia.com/finance/auto-insurance-overpayment-is-common/,Auto Insurance Overpayment is Common,12/8/2014 7:57:25 PM,1,http://lifefactopia.com/finance/,Chrome,Student,Default
http://www.progressive.com/auto/progressive-car-insurance-why-compare-auto-insurance-rates/,Car Insurance Rates: Auto Insurance Comparison | Progressive,12/8/2014 7:57:31 PM,1,http://lifefactopia.com/finance/auto-insurance-overpayment-is-common/,Chrome,Student,Default
http://www.progressive.com/auto/compare-car-insurance-rates/,Car Insurance Rates: Auto Insurance Comparison | Progressive,12/8/2014 7:57:31 PM,1,http://www.progressive.com/auto/progressive-car-insurance-why-compare-auto-insurance-rates/,Chrome,Student,Default
https://github.com/openssl/openssl,openssl/openssl · GitHub,12/8/2014 8:09:43 PM,1,https://www.openssl.org/source/,Firefox,Student,6g3svqjn.default
http://svcs.cnn.com/weather/getForecast?mode=json_html&zipCode=10023&csiID=csi3,,12/8/2014 7:55:08 PM,2,,Internet Explorer 10,Student,
https://www.google.com/?gws_rd=ssl,Google,12/8/2014 8:09:10 PM,2,http://www.google.com/,Firefox,Student,6g3svqjn.default
http://www.google.com/,,12/8/2014 8:09:10 PM,2,http://google.com/,Firefox,Student,6g3svqjn.default
http://google.com/,,12/8/2014 8:09:10 PM,2,,Firefox,Student,6g3svqjn.default
http://local.cnn.com/oi/v1.0/publications/1094/zipcodes/10023/stories.cnnhtml?limit=3&min=3&min_pref=1&max_age=3d&max_pref_age=3d&dev_key=wxctrr8nme2pjzpt2dpf89p5&csiID=csi4,,12/8/2014 7:55:08 PM,2,,Internet Explorer 10,Student,
https://drive.google.com/drive/#folders/0B0pDGcaRafwGS1FSNlNaQ2c4Wmc,!!!_CSEC475_Stackpole - Google Drive,12/8/2014 7:49:59 PM,2,,Chrome,Student,Default
https://drive.google.com/drive/#my-drive,My Drive - Google Drive,12/8/2014 7:49:57 PM,2,,Chrome,Student,Default
http://ads.cnn.com/html.ng/site=cnn&cnn_pagetype=main&cnn_position=143x31_spon1&cnn_rollup=homepage&cnn_section=weather&page.allowcompete=no&params.styles=fs&Params.User.UserID=5486484304ce9b0a3c73c53c47049dba&transactionID=14180864692752242334067842&tile=8149646808145&domId=76fb9165d4dc83bd&kxid=&kxseg=,,12/8/2014 7:54:32 PM,2,,Internet Explorer 10,Student,
http://google.com/,,12/8/2014 8:07:33 PM,2,,Firefox,Student,6g3svqjn.default
http://www.google.com/,,12/8/2014 8:07:33 PM,2,http://google.com/,Firefox,Student,6g3svqjn.default
https://www.google.com/?gws_rd=ssl,Google,12/8/2014 8:07:33 PM,2,http://www.google.com/,Firefox,Student,6g3svqjn.default
http://ads.cnn.com/html.ng/site=cnn&cnn_pagetype=main&cnn_position=126x31_spon1&cnn_rollup=world&page.allowcompete=no&params.styles=fs&Params.User.UserID=5486484304ce9b0a3c73c53c47049dba&transactionID=14180864842744332253330624&tile=9063846808141&domId=35bf71a5abf59d74&kxid=o3swu6eu4&kxseg=,,12/8/2014 7:54:43 PM,2,,Internet Explorer 10,Student,
http://ads.cnn.com/html.ng/site=cnn&cnn_pagetype=main&cnn_position=143x31_spon1&cnn_rollup=homepage&cnn_section=weather&page.allowcompete=no&params.styles=fs&Params.User.UserID=5486484304ce9b0a3c73c53c47049dba&transactionID=14180864983791275396419206&tile=5377946808145&domId=76fb9165d4dc83bd&kxid=o3swu6eu4&kxseg=,,12/8/2014 7:54:58 PM,2,,Internet Explorer 10,Student,
http://www.forbes.com/,Information for the World's Business Leaders - Forbes.com,12/8/2014 8:07:39 PM,2,"http://www.google.com/url?sa=t&rct=j&q=&esrc=s&source=web&cd=1&sqi=2&ved=0CB4QFjAA&url=http%3A%2F%2Fwww.forbes.com%2F&ei=VEuGVO2JCtLxaMz2gPAC&usg=AFQjCNH7EMuJ1sGA2NFd078W7GXsMHsaBg&bvm=bv.80642063,d.aWw",Firefox,Student,6g3svqjn.default
https://drive.google.com/drive/#folders/0B0pDGcaRafwGS1FSNlNaQ2c4Wmc,!!!_CSEC475_Stackpole - Google Drive,12/8/2014 7:49:09 PM,2,,Chrome,Student,Default
http://www.forbes.com/,Information for the World's Business Leaders - Forbes.com,12/8/2014 8:07:43 PM,2,http://www.forbes.com/fdc/welcome_mjx.shtml,Firefox,Student,6g3svqjn.default
https://drive.google.com/drive/#my-drive,My Drive - Google Drive,12/8/2014 7:49:06 PM,2,https://drive.google.com/drive/#,Chrome,Student,Default
https://www.google.com/,Google,12/8/2014 7:47:19 PM,2,,Chrome,Student,Default
https://www.google.com/,Google,12/8/2014 7:56:41 PM,2,,Chrome,Student,Default
https://shibboleth.main.ad.rit.edu/idp/Authn/UserPassword,RIT Login,12/8/2014 7:48:42 PM,3,https://shibboleth.main.ad.rit.edu/idp/AuthnEngine,Chrome,Student,Default
https://shibboleth.main.ad.rit.edu/idp/Authn/UserPassword,RIT Login,12/8/2014 7:48:48 PM,3,https://shibboleth.main.ad.rit.edu/idp/Authn/UserPassword,Chrome,Student,Default
https://shibboleth.main.ad.rit.edu/idp/Authn/UserPassword,RIT Login,12/8/2014 7:48:57 PM,3,https://shibboleth.main.ad.rit.edu/idp/Authn/UserPassword,Chrome,Student,Default
https://drive.google.com/drive/#folders/0B0pDGcaRafwGS1FSNlNaQ2c4Wmc/0B7yEzn127Piwa2FNNkx4bEhsUkE/0B0pDGcaRafwGUkpPQXIxYmJKX1E,BrowsingHistoryViewProcess - Google Drive,12/8/2014 7:52:11 PM,3,,Chrome,Student,Default
https://drive.google.com/drive/#folders/0B0pDGcaRafwGS1FSNlNaQ2c4Wmc/0B7yEzn127Piwa2FNNkx4bEhsUkE/0B0pDGcaRafwGUkpPQXIxYmJKX1E,BrowsingHistoryViewProcess - Google Drive,12/8/2014 7:51:47 PM,3,,Chrome,Student,Default
https://drive.google.com/drive/#folders/0B0pDGcaRafwGS1FSNlNaQ2c4Wmc/0B7yEzn127Piwa2FNNkx4bEhsUkE/0B0pDGcaRafwGUkpPQXIxYmJKX1E,BrowsingHistoryViewProcess - Google Drive,12/8/2014 7:49:47 PM,3,,Chrome,Student,Default
https://platform.twitter.com/widgets/hub.fe4e93d64f1afc988e99833088f71057.html,,12/8/2014 7:55:02 PM,4,,Internet Explorer 10,Student,
http://svcs.cnn.com/weather/getForecast?mode=json_html&zipCode=10023&csiID=csi2,,12/8/2014 7:55:08 PM,5,,Internet Explorer 10,Student,
https://drive.google.com/drive/#folders/0B0pDGcaRafwGS1FSNlNaQ2c4Wmc/0B7yEzn127Piwa2FNNkx4bEhsUkE,BrowsingHistoryViewProcess - Google Drive,12/8/2014 7:50:01 PM,5,,Chrome,Student,Default
https://drive.google.com/drive/#folders/0B0pDGcaRafwGS1FSNlNaQ2c4Wmc/0B7yEzn127Piwa2FNNkx4bEhsUkE,BrowsingHistoryViewProcess - Google Drive,12/8/2014 7:52:19 PM,5,,Chrome,Student,Default
https://drive.google.com/drive/#folders/0B0pDGcaRafwGS1FSNlNaQ2c4Wmc/0B7yEzn127Piwa2FNNkx4bEhsUkE,BrowsingHistoryViewProcess - Google Drive,12/8/2014 7:49:53 PM,5,,Chrome,Student,Default
https://drive.google.com/drive/#folders/0B0pDGcaRafwGS1FSNlNaQ2c4Wmc/0B7yEzn127Piwa2FNNkx4bEhsUkE,BrowsingHistoryViewProcess - Google Drive,12/8/2014 7:49:13 PM,5,,Chrome,Student,Default
https://drive.google.com/drive/#folders/0B0pDGcaRafwGS1FSNlNaQ2c4Wmc/0B7yEzn127Piwa2FNNkx4bEhsUkE,BrowsingHistoryViewProcess - Google Drive,12/8/2014 7:51:53 PM,5,,Chrome,Student,Default
http://www.bing.com/search?q=france&src=IE-TopResult&FORM=IE11TR&conversationid=,,12/8/2014 8:06:34 PM,6,,Internet Explorer 10,Student,
http://static.ak.facebook.com/connect/xd_arbiter/7r8gQb8MIqE.js?version=41,,12/8/2014 7:55:02 PM,6,,Internet Explorer 10,Student,
http://widgets.outbrain.com/nanoWidget/3rd/comScore/comScore.htm,,12/8/2014 7:55:02 PM,7,,Internet Explorer 10,Student,
https://s-static.ak.facebook.com/connect/xd_arbiter/7r8gQb8MIqE.js?version=41,,12/8/2014 8:06:47 PM,9,,Internet Explorer 10,Student,
http://tpc.googlesyndication.com/safeframe/1-0-0/html/container.html?n=1,,12/8/2014 7:54:59 PM,10,,Internet Explorer 10,Student,
https://www.google.com/?gws_rd=ssl,,12/8/2014 8:03:55 PM,14,,Internet Explorer 10,Student,
https://mycourses.rit.edu/index.asp,,12/8/2014 7:55:11 PM,14,,Internet Explorer 10,Student,
http://google.rit.edu/,,12/8/2014 7:55:04 PM,16,,Internet Explorer 10,Student,
http://www.istlabs.rit.edu/,Lab Status,12/8/2014 7:47:11 PM,22,,Chrome,Student,Default
http://www.istlabs.rit.edu/,Lab Status,12/8/2014 7:48:31 PM,22,,Chrome,Student,Default
